,Venue,Date,Name,NameTag,Team,Laps,Time
12,Great Britain,14-Jul-51,Jose Froilan Gonzalez,GON,Ferrari,90.0,42:18.2
13,Germany,29-Jul-51,Alberto Ascari,ASC,Ferrari,20.0,23:03.3
14,Italy,16-Sep-51,Alberto Ascari,ASC,Ferrari,80.0,42:39.3
16,Switzerland,18-May-52,Piero Taruffi,TAR,Ferrari,62.0,01:46.1
18,Belgium,22-Jun-52,Alberto Ascari,ASC,Ferrari,36.0,03:46.3
19,France,6-Jul-52,Alberto Ascari,ASC,Ferrari,77.0,00:00.0
20,Great Britain,19-Jul-52,Alberto Ascari,ASC,Ferrari,85.0,44:11.0
21,Germany,3-Aug-52,Alberto Ascari,ASC,Ferrari,18.0,06:13.3
22,Netherlands,17-Aug-52,Alberto Ascari,ASC,Ferrari,90.0,53:28.5
23,Italy,7-Sep-52,Alberto Ascari,ASC,Ferrari,80.0,50:45.6
24,Argentina,18-Jan-53,Alberto Ascari,ASC,Ferrari,97.0,01:04.6
26,Netherlands,7-Jun-53,Alberto Ascari,ASC,Ferrari,90.0,53:35.8
27,Belgium,21-Jun-53,Alberto Ascari,ASC,Ferrari,36.0,48:30.3
28,France,5-Jul-53,Mike Hawthorn,HAW,Ferrari,60.0,44:18.6
29,Great Britain,18-Jul-53,Alberto Ascari,ASC,Ferrari,90.0,50:00.0
30,Germany,2-Aug-53,Nino Farina,FAR,Ferrari,18.0,02:25.0
31,Switzerland,23-Aug-53,Alberto Ascari,ASC,Ferrari,65.0,01:34.4
37,Great Britain,17-Jul-54,Jose Froilan Gonzalez,GON,Ferrari,90.0,56:14.0
41,Spain,24-Oct-54,Mike Hawthorn,HAW,Ferrari,80.0,13:52.1
43,Monaco,22-May-55,Maurice Trintignant,TRI,Ferrari,100.0,58:09.7
49,Argentina,22-Jan-56,Luigi Musso,MUS,Ferrari,,
50,Argentina,22-Jan-56,Juan Manuel Fangio,FAN,Ferrari,98.0,00:03.7
53,Belgium,3-Jun-56,Peter Collins,COL,Ferrari,36.0,40:00.3
54,France,1-Jul-56,Peter Collins,COL,Ferrari,61.0,34:23.4
55,Great Britain,14-Jul-56,Juan Manuel Fangio,FAN,Ferrari,101.0,59:47.0
56,Germany,5-Aug-56,Juan Manuel Fangio,FAN,Ferrari,22.0,38:43.7
72,France,6-Jul-58,Mike Hawthorn,HAW,Ferrari,50.0,03:21.3
73,Great Britain,19-Jul-58,Peter Collins,COL,Ferrari,75.0,09:04.2
81,France,5-Jul-59,Tony Brooks,BRO,Ferrari,50.0,01:26.5
83,Germany,2-Aug-59,Tony Brooks,BRO,Ferrari,60.0,09:31.6
95,Italy,4-Sep-60,Phil Hill,HIL,Ferrari,50.0,21:09.2
98,Netherlands,22-May-61,Wolfgang von Trips,VON,Ferrari,75.0,01:52.1
99,Belgium,18-Jun-61,Phil Hill,HIL,Ferrari,30.0,03:03.8
100,France,2-Jul-61,Giancarlo Baghetti,BAG,Ferrari,52.0,14:17.5
101,Great Britain,15-Jul-61,Wolfgang von Trips,VON,Ferrari,75.0,40:53.6
103,Italy,10-Sep-61,Phil Hill,HIL,Ferrari,43.0,03:13.0
119,Germany,4-Aug-63,John Surtees,SUR,Ferrari,15.0,13:06.8
129,Germany,2-Aug-64,John Surtees,SUR,Ferrari,15.0,12:04.8
130,Austria,23-Aug-64,Lorenzo Bandini,BAN,Ferrari,105.0,06:18.2
131,Italy,6-Sep-64,John Surtees,SUR,Ferrari,78.0,10:51.8
145,Belgium,12-Jun-66,John Surtees,SUR,Ferrari,28.0,09:11.3
150,Italy,4-Sep-66,Ludovico Scarfiotti,SCA,Ferrari,68.0,47:14.8
167,Belgium,9-Jun-68,Bruce McLaren,MCL,McLaren,28.0,40:02.1
169,France,7-Jul-68,Jacky Ickx,ICK,Ferrari,60.0,25:40.9
172,Italy,8-Sep-68,Denny Hulme,HUL,McLaren,68.0,40:14.8
173,Canada,22-Sep-68,Denny Hulme,HUL,McLaren,90.0,27:11.2
186,Mexico,19-Oct-69,Denny Hulme,HUL,McLaren,65.0,54:08.8
195,Austria,16-Aug-70,Jacky Ickx,ICK,Ferrari,60.0,42:17.3
196,Italy,6-Sep-70,Clay Regazzoni,REG,Ferrari,68.0,39:06.9
197,Canada,20-Sep-70,Jacky Ickx,ICK,Ferrari,90.0,21:18.4
199,Mexico,25-Oct-70,Jacky Ickx,ICK,Ferrari,65.0,53:28.4
200,South Africa,6-Mar-71,Mario Andretti,AND,Ferrari,79.0,47:35.5
203,Netherlands,20-Jun-71,Jacky Ickx,ICK,Ferrari,70.0,56:20.1
212,South Africa,4-Mar-72,Denny Hulme,HUL,McLaren,79.0,45:49.1
218,Germany,30-Jul-72,Jacky Ickx,ICK,Ferrari,14.0,42:12.3
229,Sweden,17-Jun-73,Denny Hulme,HUL,McLaren,80.0,56:46.0
231,Great Britain,14-Jul-73,Peter Revson,REV,McLaren,67.0,29:18.5
236,Canada,23-Sep-73,Peter Revson,REV,McLaren,80.0,59:04.1
238,Argentina,13-Jan-74,Denny Hulme,HUL,McLaren,53.0,41:02.0
239,Brazil,27-Jan-74,Emerson Fittipaldi,FIT,McLaren,32.0,24:37.1
241,Spain,28-Apr-74,Niki Lauda,LAU,Ferrari,84.0,00:29.6
242,Belgium,12-May-74,Emerson Fittipaldi,FIT,McLaren,85.0,44:20.6
245,Netherlands,23-Jun-74,Niki Lauda,LAU,Ferrari,75.0,43:00.4
248,Germany,4-Aug-74,Clay Regazzoni,REG,Ferrari,14.0,41:35.0
251,Canada,22-Sep-74,Emerson Fittipaldi,FIT,McLaren,80.0,40:26.1
253,Argentina,12-Jan-75,Emerson Fittipaldi,FIT,McLaren,53.0,39:26.3
256,Spain,27-Apr-75,Jochen Mass,MAS,McLaren,29.0,42:53.7
257,Monaco,11-May-75,Niki Lauda,LAU,Ferrari,75.0,01:21.3
258,Belgium,25-May-75,Niki Lauda,LAU,Ferrari,70.0,43:54.0
259,Sweden,8-Jun-75,Niki Lauda,LAU,Ferrari,80.0,59:18.3
261,France,6-Jul-75,Niki Lauda,LAU,Ferrari,54.0,40:18.8
262,Great Britain,19-Jul-75,Emerson Fittipaldi,FIT,McLaren,56.0,22:05.0
265,Italy,7-Sep-75,Clay Regazzoni,REG,Ferrari,52.0,22:42.6
266,United States,5-Oct-75,Niki Lauda,LAU,Ferrari,59.0,42:58.2
267,Brazil,25-Jan-76,Niki Lauda,LAU,Ferrari,40.0,45:16.8
268,South Africa,6-Mar-76,Niki Lauda,LAU,Ferrari,78.0,42:18.4
269,USA West,28-Mar-76,Clay Regazzoni,REG,Ferrari,80.0,53:18.5
270,Spain,2-May-76,James Hunt,HUN,McLaren,75.0,42:20.4
271,Belgium,16-May-76,Niki Lauda,LAU,Ferrari,70.0,42:53.2
272,Monaco,30-May-76,Niki Lauda,LAU,Ferrari,78.0,59:51.5
274,France,4-Jul-76,James Hunt,HUN,McLaren,54.0,40:58.6
275,Great Britain,18-Jul-76,Niki Lauda,LAU,Ferrari,76.0,44:19.7
276,Germany,1-Aug-76,James Hunt,HUN,McLaren,14.0,41:42.7
278,Netherlands,29-Aug-76,James Hunt,HUN,McLaren,75.0,44:52.1
280,Canada,3-Oct-76,James Hunt,HUN,McLaren,80.0,40:09.6
281,USA East,10-Oct-76,James Hunt,HUN,McLaren,59.0,42:40.7
284,Brazil,23-Jan-77,Carlos Reutemann,REU,Ferrari,40.0,45:07.7
285,South Africa,5-Mar-77,Niki Lauda,LAU,Ferrari,78.0,42:21.6
292,Great Britain,16-Jul-77,James Hunt,HUN,McLaren,68.0,31:46.1
293,Germany,31-Jul-77,Niki Lauda,LAU,Ferrari,47.0,31:48.6
295,Netherlands,28-Aug-77,Niki Lauda,LAU,Ferrari,75.0,41:45.9
297,USA East,2-Oct-77,James Hunt,HUN,McLaren,59.0,58:23.3
299,Japan,23-Oct-77,James Hunt,HUN,McLaren,73.0,31:51.7
301,Brazil,29-Jan-78,Carlos Reutemann,REU,Ferrari,63.0,49:59.9
303,USA West,2-Apr-78,Carlos Reutemann,REU,Ferrari,80.0,52:01.3
309,Great Britain,16-Jul-78,Carlos Reutemann,REU,Ferrari,76.0,42:12.4
314,USA East,1-Oct-78,Carlos Reutemann,REU,Ferrari,59.0,40:48.8
315,Canada,8-Oct-78,Gilles Villeneuve,VIL,Ferrari,70.0,57:49.2
318,South Africa,3-Mar-79,Gilles Villeneuve,VIL,Ferrari,78.0,41:50.0
319,USA West,8-Apr-79,Gilles Villeneuve,VIL,Ferrari,80.0,50:25.4
321,Belgium,13-May-79,Jody Scheckter,SCH,Ferrari,70.0,39:59.5
322,Monaco,27-May-79,Jody Scheckter,SCH,Ferrari,76.0,55:22.5
323,France,1-Jul-79,Jean-Pierre Jabouille,JAB,Renault,80.0,35:20.4
324,Great Britain,14-Jul-79,Clay Regazzoni,REG,Williams,68.0,26:11.2
325,Germany,29-Jul-79,Alan Jones,JON,Williams,45.0,24:48.8
326,Austria,12-Aug-79,Alan Jones,JON,Williams,54.0,27:38.0
327,Netherlands,26-Aug-79,Alan Jones,JON,Williams,75.0,41:19.8
328,Italy,9-Sep-79,Jody Scheckter,SCH,Ferrari,50.0,22:00.2
329,Canada,30-Sep-79,Alan Jones,JON,Williams,72.0,52:06.9
330,USA East,7-Oct-79,Gilles Villeneuve,VIL,Ferrari,59.0,52:17.7
331,Argentina,13-Jan-80,Alan Jones,JON,Williams,53.0,43:24.4
332,Brazil,27-Jan-80,Rene Arnoux,ARN,Renault,40.0,40:01.3
333,South Africa,1-Mar-80,Rene Arnoux,ARN,Renault,78.0,36:52.5
336,Monaco,18-May-80,Carlos Reutemann,REU,Williams,76.0,55:34.4
337,France,29-Jun-80,Alan Jones,JON,Williams,54.0,32:43.4
338,Great Britain,13-Jul-80,Alan Jones,JON,Williams,76.0,34:49.2
340,Austria,17-Aug-80,Jean-Pierre Jabouille,JAB,Renault,54.0,26:15.7
343,Canada,28-Sep-80,Alan Jones,JON,Williams,70.0,46:45.5
344,USA East,5-Oct-80,Alan Jones,JON,Williams,59.0,34:36.0
345,USA West,15-Mar-81,Alan Jones,JON,Williams,80.0,50:41.3
346,Brazil,29-Mar-81,Carlos Reutemann,REU,Williams,62.0,00:23.7
349,Belgium,17-May-81,Carlos Reutemann,REU,Williams,54.0,16:31.6
350,Monaco,31-May-81,Gilles Villeneuve,VIL,Ferrari,76.0,54:23.4
351,Spain,21-Jun-81,Gilles Villeneuve,VIL,Ferrari,80.0,46:35.0
352,France,5-Jul-81,Alain Prost,PRO,Renault,80.0,35:48.1
353,Great Britain,18-Jul-81,John Watson,WAT,McLaren,68.0,26:54.8
356,Netherlands,30-Aug-81,Alain Prost,PRO,Renault,72.0,40:22.4
357,Italy,13-Sep-81,Alain Prost,PRO,Renault,52.0,26:33.9
359,Las Vegas,17-Oct-81,Alan Jones,JON,Williams,75.0,44:09.1
360,South Africa,23-Jan-82,Alain Prost,PRO,Renault,77.0,32:08.4
361,Brazil,21-Mar-82,Alain Prost,PRO,Renault,63.0,44:33.1
362,USA West,4-Apr-82,Niki Lauda,LAU,McLaren,75.0,58:25.3
363,San Marino,25-Apr-82,Didier Pironi,PIR,Ferrari,60.0,36:38.9
364,Belgium,9-May-82,John Watson,WAT,McLaren,70.0,35:42.0
366,Detroit,6-Jun-82,John Watson,WAT,McLaren,62.0,58:41.0
368,Netherlands,3-Jul-82,Didier Pironi,PIR,Ferrari,72.0,38:03.3
369,Great Britain,18-Jul-82,Niki Lauda,LAU,McLaren,76.0,35:33.8
370,France,25-Jul-82,Rene Arnoux,ARN,Renault,54.0,33:33.2
371,Germany,8-Aug-82,Patrick Tambay,TAM,Ferrari,45.0,27:25.2
373,Switzerland,29-Aug-82,Keke Rosberg,ROS,Williams,80.0,32:41.1
374,Italy,12-Sep-82,Rene Arnoux,ARN,Renault,52.0,22:25.7
377,USA West,27-Mar-83,John Watson,WAT,McLaren,75.0,53:34.9
378,France,17-Apr-83,Alain Prost,PRO,Renault,54.0,34:13.9
379,San Marino,1-May-83,Patrick Tambay,TAM,Ferrari,60.0,37:52.5
380,Monaco,15-May-83,Keke Rosberg,ROS,Williams,76.0,56:38.1
381,Belgium,22-May-83,Alain Prost,PRO,Renault,40.0,27:11.5
383,Canada,12-Jun-83,Rene Arnoux,ARN,Ferrari,70.0,48:31.8
384,Great Britain,16-Jul-83,Alain Prost,PRO,Renault,67.0,24:39.8
385,Germany,7-Aug-83,Rene Arnoux,ARN,Ferrari,45.0,27:10.3
386,Austria,14-Aug-83,Alain Prost,PRO,Renault,53.0,24:32.7
387,Netherlands,28-Aug-83,Rene Arnoux,ARN,Ferrari,72.0,38:42.0
391,Brazil,25-Mar-84,Alain Prost,PRO,McLaren,61.0,42:34.5
392,South Africa,7-Apr-84,Niki Lauda,LAU,McLaren,75.0,29:23.4
393,Belgium,29-Apr-84,Michele Alboreto,ALB,Ferrari,70.0,36:32.0
394,San Marino,6-May-84,Alain Prost,PRO,McLaren,60.0,36:53.7
395,France,20-May-84,Niki Lauda,LAU,McLaren,79.0,31:12.0
396,Monaco,3-Jun-84,Alain Prost,PRO,McLaren,31.0,01:07.7
399,Dallas,8-Jul-84,Keke Rosberg,ROS,Williams,67.0,01:22.6
400,Great Britain,22-Jul-84,Niki Lauda,LAU,McLaren,71.0,29:28.5
401,Germany,5-Aug-84,Alain Prost,PRO,McLaren,44.0,24:43.2
402,Austria,19-Aug-84,Niki Lauda,LAU,McLaren,51.0,21:12.9
403,Netherlands,26-Aug-84,Alain Prost,PRO,McLaren,71.0,37:21.5
404,Italy,9-Sep-84,Niki Lauda,LAU,McLaren,51.0,20:29.1
405,Europe,7-Oct-84,Alain Prost,PRO,McLaren,67.0,35:13.3
406,Portugal,21-Oct-84,Alain Prost,PRO,McLaren,70.0,41:11.8
407,Brazil,7-Apr-85,Alain Prost,PRO,McLaren,61.0,41:26.1
410,Monaco,19-May-85,Alain Prost,PRO,McLaren,78.0,51:58.0
411,Canada,16-Jun-85,Michele Alboreto,ALB,Ferrari,70.0,46:01.8
412,Detroit,23-Jun-85,Keke Rosberg,ROS,Williams,63.0,55:39.9
414,Great Britain,21-Jul-85,Alain Prost,PRO,McLaren,65.0,18:10.4
415,Germany,4-Aug-85,Michele Alboreto,ALB,Ferrari,67.0,35:31.3
416,Austria,18-Aug-85,Alain Prost,PRO,McLaren,52.0,20:12.6
417,Netherlands,25-Aug-85,Niki Lauda,LAU,McLaren,70.0,32:29.3
418,Italy,8-Sep-85,Alain Prost,PRO,McLaren,51.0,17:59.5
420,Europe,6-Oct-85,Nigel Mansell,MAN,Williams,75.0,32:58.1
421,South Africa,19-Oct-85,Nigel Mansell,MAN,Williams,75.0,28:22.9
422,Australia,3-Nov-85,Keke Rosberg,ROS,Williams,82.0,00:40.5
423,Brazil,23-Mar-86,Nelson Piquet,PIQ,Williams,61.0,39:32.6
425,San Marino,27-Apr-86,Alain Prost,PRO,McLaren,60.0,32:28.4
426,Monaco,11-May-86,Alain Prost,PRO,McLaren,78.0,55:41.1
427,Belgium,25-May-86,Nigel Mansell,MAN,Williams,43.0,27:57.9
428,Canada,15-Jun-86,Nigel Mansell,MAN,Williams,69.0,42:26.4
430,France,6-Jul-86,Nigel Mansell,MAN,Williams,80.0,37:19.3
431,Great Britain,13-Jul-86,Nigel Mansell,MAN,Williams,75.0,30:38.5
432,Germany,27-Jul-86,Nelson Piquet,PIQ,Williams,44.0,22:08.3
433,Hungary,10-Aug-86,Nelson Piquet,PIQ,Williams,76.0,00:34.5
434,Austria,17-Aug-86,Alain Prost,PRO,McLaren,52.0,21:22.5
435,Italy,7-Sep-86,Nelson Piquet,PIQ,Williams,51.0,17:42.9
436,Portugal,21-Sep-86,Nigel Mansell,MAN,Williams,70.0,37:21.9
438,Australia,26-Oct-86,Alain Prost,PRO,McLaren,82.0,54:20.4
439,Brazil,12-Apr-87,Alain Prost,PRO,McLaren,61.0,39:45.1
440,San Marino,3-May-87,Nigel Mansell,MAN,Williams,59.0,31:24.1
441,Belgium,17-May-87,Alain Prost,PRO,McLaren,43.0,27:03.2
444,France,5-Jul-87,Nigel Mansell,MAN,Williams,80.0,37:03.8
445,Great Britain,12-Jul-87,Nigel Mansell,MAN,Williams,65.0,19:11.8
446,Germany,26-Jul-87,Nelson Piquet,PIQ,Williams,44.0,21:25.1
447,Hungary,9-Aug-87,Nelson Piquet,PIQ,Williams,76.0,59:26.8
448,Austria,16-Aug-87,Nigel Mansell,MAN,Williams,52.0,18:44.9
449,Italy,6-Sep-87,Nelson Piquet,PIQ,Williams,50.0,14:47.7
450,Portugal,20-Sep-87,Alain Prost,PRO,McLaren,70.0,37:03.9
451,Spain,27-Sep-87,Nigel Mansell,MAN,Williams,72.0,49:12.7
452,Mexico,18-Oct-87,Nigel Mansell,MAN,Williams,63.0,26:24.2
453,Japan,1-Nov-87,Gerhard Berger,BER,Ferrari,51.0,32:58.1
454,Australia,15-Nov-87,Gerhard Berger,BER,Ferrari,82.0,52:56.1
455,Brazil,3-Apr-88,Alain Prost,PRO,McLaren,60.0,36:06.9
456,San Marino,1-May-88,Ayrton Senna,SEN,McLaren,60.0,32:41.3
457,Monaco,15-May-88,Alain Prost,PRO,McLaren,78.0,57:17.1
458,Mexico,29-May-88,Alain Prost,PRO,McLaren,67.0,30:15.7
459,Canada,12-Jun-88,Ayrton Senna,SEN,McLaren,69.0,39:46.6
460,Detroit,19-Jun-88,Ayrton Senna,SEN,McLaren,63.0,54:56.0
461,France,3-Jul-88,Alain Prost,PRO,McLaren,80.0,37:37.3
462,Great Britain,10-Jul-88,Ayrton Senna,SEN,McLaren,65.0,33:16.4
463,Germany,24-Jul-88,Ayrton Senna,SEN,McLaren,44.0,32:54.2
464,Hungary,7-Aug-88,Ayrton Senna,SEN,McLaren,76.0,57:47.1
465,Belgium,28-Aug-88,Ayrton Senna,SEN,McLaren,43.0,28:00.5
466,Italy,11-Sep-88,Gerhard Berger,BER,Ferrari,51.0,17:39.7
467,Portugal,25-Sep-88,Alain Prost,PRO,McLaren,70.0,37:41.0
468,Spain,2-Oct-88,Alain Prost,PRO,McLaren,72.0,48:43.9
469,Japan,30-Oct-88,Ayrton Senna,SEN,McLaren,51.0,33:26.2
470,Australia,13-Nov-88,Alain Prost,PRO,McLaren,82.0,53:14.7
471,Brazil,26-Mar-89,Nigel Mansell,MAN,Ferrari,61.0,38:58.7
472,San Marino,23-Apr-89,Ayrton Senna,SEN,McLaren,58.0,26:51.2
473,Monaco,7-May-89,Ayrton Senna,SEN,McLaren,77.0,53:33.3
474,Mexico,28-May-89,Ayrton Senna,SEN,McLaren,69.0,35:21.4
475,United States,4-Jun-89,Alain Prost,PRO,McLaren,75.0,01:33.1
476,Canada,18-Jun-89,Thierry Boutsen,BOU,Williams,69.0,01:24.1
477,France,9-Jul-89,Alain Prost,PRO,McLaren,80.0,38:29.4
478,Great Britain,16-Jul-89,Alain Prost,PRO,McLaren,64.0,19:22.1
479,Germany,30-Jul-89,Ayrton Senna,SEN,McLaren,45.0,21:43.3
480,Hungary,13-Aug-89,Nigel Mansell,MAN,Ferrari,77.0,49:38.7
481,Belgium,27-Aug-89,Ayrton Senna,SEN,McLaren,44.0,40:54.2
482,Italy,10-Sep-89,Alain Prost,PRO,McLaren,53.0,19:27.5
483,Portugal,24-Sep-89,Gerhard Berger,BER,Ferrari,71.0,36:48.5
484,Spain,1-Oct-89,Ayrton Senna,SEN,McLaren,72.0,47:48.3
486,Australia,5-Nov-89,Thierry Boutsen,BOU,Williams,70.0,00:17.4
487,United States,11-Mar-90,Ayrton Senna,SEN,McLaren,72.0,52:32.8
488,Brazil,25-Mar-90,Alain Prost,PRO,Ferrari,71.0,37:21.3
489,San Marino,13-May-90,Riccardo Patrese,PAT,Williams,61.0,30:55.5
490,Monaco,27-May-90,Ayrton Senna,SEN,McLaren,78.0,52:47.0
491,Canada,10-Jun-90,Ayrton Senna,SEN,McLaren,70.0,42:56.4
492,Mexico,24-Jun-90,Alain Prost,PRO,Ferrari,69.0,32:35.8
493,France,8-Jul-90,Alain Prost,PRO,Ferrari,80.0,33:29.6
494,Great Britain,15-Jul-90,Alain Prost,PRO,Ferrari,64.0,18:31.0
495,Germany,29-Jul-90,Ayrton Senna,SEN,McLaren,45.0,20:47.2
496,Hungary,12-Aug-90,Thierry Boutsen,BOU,Williams,77.0,49:30.6
497,Belgium,26-Aug-90,Ayrton Senna,SEN,McLaren,44.0,26:32.0
498,Italy,9-Sep-90,Ayrton Senna,SEN,McLaren,53.0,17:57.9
499,Portugal,23-Sep-90,Nigel Mansell,MAN,Ferrari,61.0,22:11.0
500,Spain,30-Sep-90,Alain Prost,PRO,Ferrari,73.0,48:01.5
503,United States,10-Mar-91,Ayrton Senna,SEN,McLaren,81.0,00:47.8
504,Brazil,24-Mar-91,Ayrton Senna,SEN,McLaren,71.0,38:28.1
505,San Marino,28-Apr-91,Ayrton Senna,SEN,McLaren,61.0,35:14.8
506,Monaco,12-May-91,Ayrton Senna,SEN,McLaren,78.0,53:02.3
508,Mexico,16-Jun-91,Riccardo Patrese,PAT,Williams,67.0,29:52.2
509,France,7-Jul-91,Nigel Mansell,MAN,Williams,72.0,38:00.1
510,Great Britain,14-Jul-91,Nigel Mansell,MAN,Williams,59.0,27:35.5
511,Germany,28-Jul-91,Nigel Mansell,MAN,Williams,45.0,19:29.7
512,Hungary,11-Aug-91,Ayrton Senna,SEN,McLaren,77.0,49:12.8
513,Belgium,25-Aug-91,Ayrton Senna,SEN,McLaren,44.0,27:17.7
514,Italy,8-Sep-91,Nigel Mansell,MAN,Williams,53.0,17:54.3
515,Portugal,22-Sep-91,Riccardo Patrese,PAT,Williams,71.0,35:42.3
516,Spain,29-Sep-91,Nigel Mansell,MAN,Williams,65.0,38:41.5
517,Japan,20-Oct-91,Gerhard Berger,BER,McLaren,53.0,32:10.7
518,Australia,3-Nov-91,Ayrton Senna,SEN,McLaren,14.0,24:34.9
519,South Africa,1-Mar-92,Nigel Mansell,MAN,Williams,72.0,36:45.3
520,Mexico,22-Mar-92,Nigel Mansell,MAN,Williams,69.0,31:53.6
521,Brazil,5-Apr-92,Nigel Mansell,MAN,Williams,71.0,36:51.9
522,Spain,3-May-92,Nigel Mansell,MAN,Williams,65.0,56:10.7
523,San Marino,17-May-92,Nigel Mansell,MAN,Williams,60.0,28:40.9
524,Monaco,31-May-92,Ayrton Senna,SEN,McLaren,78.0,50:59.4
525,Canada,14-Jun-92,Gerhard Berger,BER,McLaren,69.0,37:08.3
526,France,5-Jul-92,Nigel Mansell,MAN,Williams,69.0,38:08.5
527,Great Britain,12-Jul-92,Nigel Mansell,MAN,Williams,59.0,25:43.0
528,Germany,26-Jul-92,Nigel Mansell,MAN,Williams,45.0,18:22.0
529,Hungary,16-Aug-92,Ayrton Senna,SEN,McLaren,77.0,46:19.2
531,Italy,13-Sep-92,Ayrton Senna,SEN,McLaren,53.0,18:15.3
532,Portugal,27-Sep-92,Nigel Mansell,MAN,Williams,71.0,34:46.7
533,Japan,25-Oct-92,Riccardo Patrese,PAT,Williams,53.0,33:09.6
534,Australia,8-Nov-92,Gerhard Berger,BER,McLaren,82.0,46:54.8
535,South Africa,14-Mar-93,Alain Prost,PRO,Williams,72.0,38:45.1
536,Brazil,28-Mar-93,Ayrton Senna,SEN,McLaren,71.0,51:15.5
537,Europe,11-Apr-93,Ayrton Senna,SEN,McLaren,76.0,50:46.6
538,San Marino,25-Apr-93,Alain Prost,PRO,Williams,61.0,33:20.4
539,Spain,9-May-93,Alain Prost,PRO,Williams,65.0,32:27.7
540,Monaco,23-May-93,Ayrton Senna,SEN,McLaren,78.0,52:10.9
541,Canada,13-Jun-93,Alain Prost,PRO,Williams,69.0,36:41.8
542,France,4-Jul-93,Alain Prost,PRO,Williams,72.0,38:35.2
543,Great Britain,11-Jul-93,Alain Prost,PRO,Williams,59.0,25:38.2
544,Germany,25-Jul-93,Alain Prost,PRO,Williams,45.0,18:40.9
545,Hungary,15-Aug-93,Damon Hill,HIL,Williams,77.0,47:39.1
546,Belgium,29-Aug-93,Damon Hill,HIL,Williams,44.0,24:32.1
547,Italy,12-Sep-93,Damon Hill,HIL,Williams,53.0,17:07.5
549,Japan,24-Oct-93,Ayrton Senna,SEN,McLaren,53.0,40:27.9
550,Australia,7-Nov-93,Ayrton Senna,SEN,McLaren,79.0,43:27.5
555,Spain,29-May-94,Damon Hill,HIL,Williams,65.0,36:14.4
558,Great Britain,10-Jul-94,Damon Hill,HIL,Williams,60.0,30:03.6
559,Germany,31-Jul-94,Gerhard Berger,BER,Ferrari,45.0,22:37.3
561,Belgium,28-Aug-94,Damon Hill,HIL,Williams,44.0,28:47.2
562,Italy,11-Sep-94,Damon Hill,HIL,Williams,53.0,18:02.8
563,Portugal,25-Sep-94,Damon Hill,HIL,Williams,71.0,41:10.2
565,Japan,6-Nov-94,Damon Hill,HIL,Williams,50.0,55:53.5
566,Australia,13-Nov-94,Nigel Mansell,MAN,Williams,81.0,47:51.5
568,Argentina,9-Apr-95,Damon Hill,HIL,Williams,71.0,51:39.5
569,San Marino,30-Apr-95,Damon Hill,HIL,Williams,63.0,41:42.6
572,Canada,11-Jun-95,Jean Alesi,ALE,Ferrari,69.0,46:31.3
576,Hungary,13-Aug-95,Damon Hill,HIL,Williams,77.0,46:25.7
579,Portugal,24-Sep-95,David Coulthard,COU,Williams,71.0,41:52.1
583,Australia,12-Nov-95,Damon Hill,HIL,Williams,81.0,49:15.9
584,Australia,10-Mar-96,Damon Hill,HIL,Williams,58.0,32:50.5
585,Brazil,31-Mar-96,Damon Hill,HIL,Williams,71.0,49:53.0
586,Argentina,7-Apr-96,Damon Hill,HIL,Williams,72.0,54:55.3
587,Europe,28-Apr-96,Jacques Villeneuve,VIL,Williams,67.0,33:26.5
588,San Marino,5-May-96,Damon Hill,HIL,Williams,63.0,35:26.2
590,Spain,2-Jun-96,Michael Schumacher,MSC,Ferrari,65.0,59:49.3
591,Canada,16-Jun-96,Damon Hill,HIL,Williams,69.0,36:03.5
592,France,30-Jun-96,Damon Hill,HIL,Williams,72.0,36:28.8
593,Great Britain,14-Jul-96,Jacques Villeneuve,VIL,Williams,61.0,33:00.9
594,Germany,28-Jul-96,Damon Hill,HIL,Williams,45.0,21:43.4
595,Hungary,11-Aug-96,Jacques Villeneuve,VIL,Williams,77.0,46:21.1
596,Belgium,25-Aug-96,Michael Schumacher,MSC,Ferrari,44.0,28:15.1
597,Italy,8-Sep-96,Michael Schumacher,MSC,Ferrari,53.0,17:43.6
598,Portugal,22-Sep-96,Jacques Villeneuve,VIL,Williams,70.0,40:22.9
599,Japan,13-Oct-96,Damon Hill,HIL,Williams,52.0,32:33.8
600,Australia,9-Mar-97,David Coulthard,COU,McLaren,58.0,30:28.7
601,Brazil,30-Mar-97,Jacques Villeneuve,VIL,Williams,72.0,36:07.0
602,Argentina,13-Apr-97,Jacques Villeneuve,VIL,Williams,72.0,52:01.7
603,San Marino,27-Apr-97,Heinz-Harald Frentzen,FRE,Williams,62.0,31:00.7
604,Monaco,11-May-97,Michael Schumacher,MSC,Ferrari,62.0,00:05.7
605,Spain,25-May-97,Jacques Villeneuve,VIL,Williams,64.0,30:35.9
606,Canada,15-Jun-97,Michael Schumacher,MSC,Ferrari,54.0,17:40.6
607,France,29-Jun-97,Michael Schumacher,MSC,Ferrari,72.0,38:50.5
608,Great Britain,13-Jul-97,Jacques Villeneuve,VIL,Williams,59.0,28:01.7
610,Hungary,10-Aug-97,Jacques Villeneuve,VIL,Williams,77.0,45:47.1
611,Belgium,24-Aug-97,Michael Schumacher,MSC,Ferrari,44.0,33:46.7
612,Italy,7-Sep-97,David Coulthard,COU,McLaren,53.0,17:04.6
613,Austria,21-Sep-97,Jacques Villeneuve,VIL,Williams,71.0,27:36.0
614,Luxembourg,28-Sep-97,Jacques Villeneuve,VIL,Williams,67.0,31:27.8
615,Japan,12-Oct-97,Michael Schumacher,MSC,Ferrari,53.0,29:48.4
616,Europe,26-Oct-97,Mika Hakkinen,HAK,McLaren,69.0,38:57.8
617,Australia,8-Mar-98,Mika Hakkinen,HAK,McLaren,58.0,31:46.0
618,Brazil,29-Mar-98,Mika Hakkinen,HAK,McLaren,72.0,37:11.7
619,Argentina,12-Apr-98,Michael Schumacher,MSC,Ferrari,72.0,48:36.2
620,San Marino,26-Apr-98,David Coulthard,COU,McLaren,62.0,34:24.6
621,Spain,10-May-98,Mika Hakkinen,HAK,McLaren,65.0,33:37.6
622,Monaco,24-May-98,Mika Hakkinen,HAK,McLaren,78.0,51:23.6
623,Canada,7-Jun-98,Michael Schumacher,MSC,Ferrari,69.0,40:57.4
624,France,28-Jun-98,Michael Schumacher,MSC,Ferrari,71.0,34:45.0
625,Great Britain,12-Jul-98,Michael Schumacher,MSC,Ferrari,60.0,47:02.5
626,Austria,26-Jul-98,Mika Hakkinen,HAK,McLaren,71.0,30:44.1
627,Germany,2-Aug-98,Mika Hakkinen,HAK,McLaren,45.0,20:48.0
628,Hungary,16-Aug-98,Michael Schumacher,MSC,Ferrari,77.0,45:25.5
630,Italy,13-Sep-98,Michael Schumacher,MSC,Ferrari,53.0,17:09.7
631,Luxembourg,27-Sep-98,Mika Hakkinen,HAK,McLaren,67.0,32:14.8
632,Japan,1-Nov-98,Mika Hakkinen,HAK,McLaren,51.0,27:22.5
633,Australia,7-Mar-99,Eddie Irvine,IRV,Ferrari,57.0,35:01.7
634,Brazil,11-Apr-99,Mika Hakkinen,HAK,McLaren,72.0,36:03.8
635,San Marino,2-May-99,Michael Schumacher,MSC,Ferrari,62.0,33:44.8
636,Monaco,16-May-99,Michael Schumacher,MSC,Ferrari,78.0,49:31.8
637,Spain,30-May-99,Mika Hakkinen,HAK,McLaren,65.0,34:13.7
638,Canada,13-Jun-99,Mika Hakkinen,HAK,McLaren,69.0,41:35.7
640,Great Britain,11-Jul-99,David Coulthard,COU,McLaren,60.0,32:30.1
641,Austria,25-Jul-99,Eddie Irvine,IRV,Ferrari,71.0,28:12.4
642,Germany,1-Aug-99,Eddie Irvine,IRV,Ferrari,45.0,21:58.6
643,Hungary,15-Aug-99,Mika Hakkinen,HAK,McLaren,77.0,46:23.5
644,Belgium,29-Aug-99,David Coulthard,COU,McLaren,44.0,25:43.1
647,Malaysia,17-Oct-99,Eddie Irvine,IRV,Ferrari,56.0,36:38.5
648,Japan,31-Oct-99,Mika Hakkinen,HAK,McLaren,53.0,31:18.8
649,Australia,12-Mar-00,Michael Schumacher,MSC,Ferrari,58.0,34:02.0
650,Brazil,26-Mar-00,Michael Schumacher,MSC,Ferrari,71.0,31:35.3
651,San Marino,9-Apr-00,Michael Schumacher,MSC,Ferrari,62.0,31:39.8
652,Great Britain,23-Apr-00,David Coulthard,COU,McLaren,60.0,28:50.1
653,Spain,7-May-00,Mika Hakkinen,HAK,McLaren,65.0,33:55.4
654,Europe,21-May-00,Michael Schumacher,MSC,Ferrari,67.0,42:00.3
655,Monaco,4-Jun-00,David Coulthard,COU,McLaren,78.0,49:28.2
656,Canada,18-Jun-00,Michael Schumacher,MSC,Ferrari,69.0,41:12.3
657,France,2-Jul-00,David Coulthard,COU,McLaren,72.0,38:05.5
658,Austria,16-Jul-00,Mika Hakkinen,HAK,McLaren,71.0,28:15.8
659,Germany,30-Jul-00,Rubens Barrichello,BAR,Ferrari,45.0,25:34.4
660,Hungary,13-Aug-00,Mika Hakkinen,HAK,McLaren,77.0,45:33.9
661,Belgium,27-Aug-00,Mika Hakkinen,HAK,McLaren,44.0,28:14.5
662,Italy,10-Sep-00,Michael Schumacher,MSC,Ferrari,53.0,27:31.6
663,United States,24-Sep-00,Michael Schumacher,MSC,Ferrari,73.0,36:30.9
664,Japan,8-Oct-00,Michael Schumacher,MSC,Ferrari,53.0,29:53.4
665,Malaysia,22-Oct-00,Michael Schumacher,MSC,Ferrari,56.0,35:54.2
666,Australia,4-Mar-01,Michael Schumacher,MSC,Ferrari,58.0,38:26.5
667,Malaysia,18-Mar-01,Michael Schumacher,MSC,Ferrari,55.0,47:34.8
668,Brazil,1-Apr-01,David Coulthard,COU,McLaren,71.0,39:00.8
669,San Marino,15-Apr-01,Ralf Schumacher,RSC,Williams,62.0,30:44.8
670,Spain,29-Apr-01,Michael Schumacher,MSC,Ferrari,65.0,31:03.3
671,Austria,13-May-01,David Coulthard,COU,McLaren,71.0,27:45.9
672,Monaco,27-May-01,Michael Schumacher,MSC,Ferrari,78.0,47:22.6
673,Canada,10-Jun-01,Ralf Schumacher,RSC,Williams,69.0,34:31.5
674,Europe,24-Jun-01,Michael Schumacher,MSC,Ferrari,67.0,29:42.7
675,France,1-Jul-01,Michael Schumacher,MSC,Ferrari,72.0,33:35.6
676,Great Britain,15-Jul-01,Mika Hakkinen,HAK,McLaren,60.0,25:33.8
677,Germany,29-Jul-01,Ralf Schumacher,RSC,Williams,45.0,18:17.9
678,Hungary,19-Aug-01,Michael Schumacher,MSC,Ferrari,77.0,41:49.7
679,Belgium,2-Sep-01,Michael Schumacher,MSC,Ferrari,36.0,08:05.0
680,Italy,16-Sep-01,Juan Pablo Montoya,MOY,Williams,53.0,16:58.5
681,United States,30-Sep-01,Mika Hakkinen,HAK,McLaren,73.0,32:42.8
682,Japan,14-Oct-01,Michael Schumacher,MSC,Ferrari,53.0,27:33.3
683,Australia,3-Mar-02,Michael Schumacher,MSC,Ferrari,58.0,35:36.8
684,Malaysia,17-Mar-02,Ralf Schumacher,RSC,Williams,56.0,34:12.9
685,Brazil,31-Mar-02,Michael Schumacher,MSC,Ferrari,71.0,31:43.7
686,San Marino,14-Apr-02,Michael Schumacher,MSC,Ferrari,62.0,29:10.8
687,Spain,28-Apr-02,Michael Schumacher,MSC,Ferrari,65.0,30:30.0
688,Austria,12-May-02,Michael Schumacher,MSC,Ferrari,71.0,33:51.6
689,Monaco,26-May-02,David Coulthard,COU,McLaren,78.0,45:39.1
690,Canada,9-Jun-02,Michael Schumacher,MSC,Ferrari,70.0,33:36.1
691,Europe,23-Jun-02,Rubens Barrichello,BAR,Ferrari,60.0,35:07.4
692,Great Britain,7-Jul-02,Michael Schumacher,MSC,Ferrari,60.0,31:45.0
693,France,21-Jul-02,Michael Schumacher,MSC,Ferrari,72.0,32:09.8
694,Germany,28-Jul-02,Michael Schumacher,MSC,Ferrari,67.0,27:52.1
695,Hungary,18-Aug-02,Rubens Barrichello,BAR,Ferrari,77.0,41:49.0
696,Belgium,1-Sep-02,Michael Schumacher,MSC,Ferrari,44.0,21:20.6
697,Italy,15-Sep-02,Rubens Barrichello,BAR,Ferrari,53.0,16:20.0
698,United States,29-Sep-02,Rubens Barrichello,BAR,Ferrari,73.0,31:07.9
699,Japan,13-Oct-02,Michael Schumacher,MSC,Ferrari,53.0,26:59.7
700,Australia,9-Mar-03,David Coulthard,COU,McLaren,58.0,34:42.1
701,Malaysia,23-Mar-03,Kimi RÃ¤ikkÃ¶nen,RAI,McLaren,56.0,32:22.2
703,San Marino,20-Apr-03,Michael Schumacher,MSC,Ferrari,62.0,28:12.1
704,Spain,4-May-03,Michael Schumacher,MSC,Ferrari,65.0,33:46.9
705,Austria,18-May-03,Michael Schumacher,MSC,Ferrari,69.0,24:04.9
706,Monaco,1-Jun-03,Juan Pablo Montoya,MOY,Williams,78.0,42:19.0
707,Canada,15-Jun-03,Michael Schumacher,MSC,Ferrari,70.0,31:13.6
708,Europe,29-Jun-03,Ralf Schumacher,RSC,Williams,60.0,34:43.6
709,France,6-Jul-03,Ralf Schumacher,RSC,Williams,70.0,30:49.2
710,Great Britain,20-Jul-03,Rubens Barrichello,BAR,Ferrari,60.0,28:37.6
711,Germany,3-Aug-03,Juan Pablo Montoya,MOY,Williams,67.0,28:48.8
712,Hungary,24-Aug-03,Fernando Alonso,ALO,Renault,70.0,39:01.5
713,Italy,14-Sep-03,Michael Schumacher,MSC,Ferrari,53.0,14:19.8
714,United States,28-Sep-03,Michael Schumacher,MSC,Ferrari,73.0,33:36.0
715,Japan,12-Oct-03,Rubens Barrichello,BAR,Ferrari,53.0,25:11.7
716,Australia,7-Mar-04,Michael Schumacher,MSC,Ferrari,58.0,24:15.8
717,Malaysia,21-Mar-04,Michael Schumacher,MSC,Ferrari,56.0,31:07.5
718,Bahrain,4-Apr-04,Michael Schumacher,MSC,Ferrari,57.0,28:34.9
719,San Marino,25-Apr-04,Michael Schumacher,MSC,Ferrari,62.0,26:19.7
720,Spain,9-May-04,Michael Schumacher,MSC,Ferrari,66.0,27:32.8
721,Monaco,23-May-04,Jarno Trulli,TRU,Renault,77.0,45:46.6
722,Europe,30-May-04,Michael Schumacher,MSC,Ferrari,60.0,32:35.1
723,Canada,13-Jun-04,Michael Schumacher,MSC,Ferrari,70.0,28:24.8
724,United States,20-Jun-04,Michael Schumacher,MSC,Ferrari,73.0,40:29.9
725,France,4-Jul-04,Michael Schumacher,MSC,Ferrari,70.0,30:18.1
726,Great Britain,11-Jul-04,Michael Schumacher,MSC,Ferrari,60.0,24:42.7
727,Germany,25-Jul-04,Michael Schumacher,MSC,Ferrari,66.0,23:54.8
728,Hungary,15-Aug-04,Michael Schumacher,MSC,Ferrari,70.0,35:26.1
729,Belgium,29-Aug-04,Kimi RÃ¤ikkÃ¶nen,RAI,McLaren,44.0,32:35.3
730,Italy,12-Sep-04,Rubens Barrichello,BAR,Ferrari,53.0,15:18.4
731,China,26-Sep-04,Rubens Barrichello,BAR,Ferrari,56.0,29:12.4
732,Japan,10-Oct-04,Michael Schumacher,MSC,Ferrari,53.0,24:27.0
733,Brazil,24-Oct-04,Juan Pablo Montoya,MOY,Williams,71.0,28:01.5
734,Australia,6-Mar-05,Giancarlo Fisichella,FIS,Renault,57.0,24:17.3
735,Malaysia,20-Mar-05,Fernando Alonso,ALO,Renault,56.0,31:33.7
736,Bahrain,3-Apr-05,Fernando Alonso,ALO,Renault,57.0,29:18.5
737,San Marino,24-Apr-05,Fernando Alonso,ALO,Renault,62.0,27:41.9
738,Spain,8-May-05,Kimi RÃ¤ikkÃ¶nen,RAI,McLaren,66.0,27:16.8
739,Monaco,22-May-05,Kimi RÃ¤ikkÃ¶nen,RAI,McLaren,78.0,45:15.6
740,Europe,29-May-05,Fernando Alonso,ALO,Renault,59.0,31:46.6
741,Canada,12-Jun-05,Kimi RÃ¤ikkÃ¶nen,RAI,McLaren,70.0,32:09.3
742,United States,19-Jun-05,Michael Schumacher,MSC,Ferrari,73.0,29:43.2
743,France,3-Jul-05,Fernando Alonso,ALO,Renault,70.0,31:22.2
744,Great Britain,10-Jul-05,Juan Pablo Montoya,MOY,McLaren,60.0,24:29.6
745,Germany,24-Jul-05,Fernando Alonso,ALO,Renault,67.0,26:28.6
746,Hungary,31-Jul-05,Kimi RÃ¤ikkÃ¶nen,RAI,McLaren,70.0,37:25.6
747,Turkey,21-Aug-05,Kimi RÃ¤ikkÃ¶nen,RAI,McLaren,58.0,24:34.5
748,Italy,4-Sep-05,Juan Pablo Montoya,MOY,McLaren,53.0,14:28.7
749,Belgium,11-Sep-05,Kimi RÃ¤ikkÃ¶nen,RAI,McLaren,44.0,30:01.3
750,Brazil,25-Sep-05,Juan Pablo Montoya,MOY,McLaren,71.0,29:20.6
751,Japan,9-Oct-05,Kimi RÃ¤ikkÃ¶nen,RAI,McLaren,53.0,29:02.2
752,China,16-Oct-05,Fernando Alonso,ALO,Renault,56.0,39:53.6
753,Bahrain,12-Mar-06,Fernando Alonso,ALO,Renault,57.0,29:46.2
754,Malaysia,19-Mar-06,Giancarlo Fisichella,FIS,Renault,56.0,30:40.5
755,Australia,2-Apr-06,Fernando Alonso,ALO,Renault,57.0,34:27.9
756,San Marino,23-Apr-06,Michael Schumacher,MSC,Ferrari,62.0,31:06.5
757,Europe,7-May-06,Michael Schumacher,MSC,Ferrari,60.0,35:58.8
758,Spain,14-May-06,Fernando Alonso,ALO,Renault,66.0,26:21.8
759,Monaco,28-May-06,Fernando Alonso,ALO,Renault,78.0,43:43.1
760,Great Britain,11-Jun-06,Fernando Alonso,ALO,Renault,60.0,25:51.9
761,Canada,25-Jun-06,Fernando Alonso,ALO,Renault,70.0,34:37.3
762,United States,2-Jul-06,Michael Schumacher,MSC,Ferrari,73.0,34:35.2
763,France,16-Jul-06,Michael Schumacher,MSC,Ferrari,70.0,32:07.8
764,Germany,30-Jul-06,Michael Schumacher,MSC,Ferrari,67.0,27:51.7
766,Turkey,27-Aug-06,Felipe Massa,MAS,Ferrari,58.0,28:51.1
767,Italy,10-Sep-06,Michael Schumacher,MSC,Ferrari,53.0,14:52.0
768,China,1-Oct-06,Michael Schumacher,MSC,Ferrari,56.0,37:32.7
769,Japan,8-Oct-06,Fernando Alonso,ALO,Renault,53.0,23:53.4
770,Brazil,22-Oct-06,Felipe Massa,MAS,Ferrari,71.0,31:53.8
771,Australia,18-Mar-07,Kimi RÃ¤ikkÃ¶nen,RAI,Ferrari,58.0,25:28.8
772,Malaysia,8-Apr-07,Fernando Alonso,ALO,McLaren,56.0,32:14.9
773,Bahrain,15-Apr-07,Felipe Massa,MAS,Ferrari,57.0,33:27.5
774,Spain,13-May-07,Felipe Massa,MAS,Ferrari,65.0,31:36.2
775,Monaco,27-May-07,Fernando Alonso,ALO,McLaren,78.0,40:29.3
776,Canada,10-Jun-07,Lewis Hamilton,HAM,McLaren,70.0,44:11.3
777,United States,17-Jun-07,Lewis Hamilton,HAM,McLaren,73.0,31:10.0
778,France,1-Jul-07,Kimi RÃ¤ikkÃ¶nen,RAI,Ferrari,70.0,30:54.2
779,Great Britain,8-Jul-07,Kimi RÃ¤ikkÃ¶nen,RAI,Ferrari,59.0,21:43.1
780,Europe,22-Jul-07,Fernando Alonso,ALO,McLaren,60.0,06:26.4
781,Hungary,5-Aug-07,Lewis Hamilton,HAM,McLaren,70.0,35:53.0
782,Turkey,26-Aug-07,Felipe Massa,MAS,Ferrari,58.0,26:42.2
783,Italy,9-Sep-07,Fernando Alonso,ALO,McLaren,53.0,18:37.8
784,Belgium,16-Sep-07,Kimi RÃ¤ikkÃ¶nen,RAI,Ferrari,44.0,20:39.1
785,Japan,30-Sep-07,Lewis Hamilton,HAM,McLaren,67.0,00:34.6
786,China,7-Oct-07,Kimi RÃ¤ikkÃ¶nen,RAI,Ferrari,56.0,37:58.4
787,Brazil,21-Oct-07,Kimi RÃ¤ikkÃ¶nen,RAI,Ferrari,71.0,28:15.3
788,Australia,16-Mar-08,Lewis Hamilton,HAM,McLaren,58.0,34:50.6
789,Malaysia,23-Mar-08,Kimi RÃ¤ikkÃ¶nen,RAI,Ferrari,56.0,31:18.6
790,Bahrain,6-Apr-08,Felipe Massa,MAS,Ferrari,57.0,31:07.0
791,Spain,27-Apr-08,Kimi RÃ¤ikkÃ¶nen,RAI,Ferrari,66.0,38:19.1
792,Turkey,11-May-08,Felipe Massa,MAS,Ferrari,58.0,26:49.5
793,Monaco,25-May-08,Lewis Hamilton,HAM,McLaren,76.0,00:42.7
794,Canada,8-Jun-08,Robert Kubica,KUB,Sauber,70.0,36:24.4
795,France,22-Jun-08,Felipe Massa,MAS,Ferrari,70.0,31:50.2
796,Great Britain,6-Jul-08,Lewis Hamilton,HAM,McLaren,60.0,39:09.4
797,Germany,20-Jul-08,Lewis Hamilton,HAM,McLaren,67.0,31:20.9
798,Hungary,3-Aug-08,Heikki Kovalainen,KOV,McLaren,70.0,37:27.1
799,Europe,24-Aug-08,Felipe Massa,MAS,Ferrari,57.0,35:32.3
800,Belgium,7-Sep-08,Felipe Massa,MAS,Ferrari,44.0,22:59.4
802,Singapore,28-Sep-08,Fernando Alonso,ALO,Renault,61.0,57:16.3
803,Japan,12-Oct-08,Fernando Alonso,ALO,Renault,67.0,30:21.9
804,China,19-Oct-08,Lewis Hamilton,HAM,McLaren,56.0,31:57.4
805,Brazil,2-Nov-08,Felipe Massa,MAS,Ferrari,71.0,34:11.4
815,Hungary,26-Jul-09,Lewis Hamilton,HAM,McLaren,70.0,38:23.9
817,Belgium,30-Aug-09,Kimi RÃ¤ikkÃ¶nen,RAI,Ferrari,44.0,23:51.0
819,Singapore,27-Sep-09,Lewis Hamilton,HAM,McLaren,61.0,56:06.3
823,Bahrain,14-Mar-10,Fernando Alonso,ALO,Ferrari,49.0,39:20.4
824,Australia,28-Mar-10,Jenson Button,BUT,McLaren,58.0,33:36.5
826,China,18-Apr-10,Jenson Button,BUT,McLaren,56.0,46:42.2
829,Turkey,30-May-10,Lewis Hamilton,HAM,McLaren,58.0,28:47.6
830,Canada,13-Jun-10,Lewis Hamilton,HAM,McLaren,70.0,33:53.5
833,Germany,25-Jul-10,Fernando Alonso,ALO,Ferrari,67.0,27:38.9
835,Belgium,29-Aug-10,Lewis Hamilton,HAM,McLaren,44.0,29:04.3
836,Italy,12-Sep-10,Fernando Alonso,ALO,Ferrari,53.0,16:24.6
837,Singapore,26-Sep-10,Fernando Alonso,ALO,Ferrari,61.0,57:53.6
839,South Korea,24-Oct-10,Fernando Alonso,ALO,Ferrari,55.0,48:20.8
842,Australia,27-Mar-11,Sebastian Vettel,VET,Red Bull,58.0,29:30.3
843,Malaysia,10-Apr-11,Sebastian Vettel,VET,Red Bull,56.0,37:39.8
844,China,17-Apr-11,Lewis Hamilton,HAM,McLaren,56.0,36:58.2
845,Turkey,8-May-11,Sebastian Vettel,VET,Red Bull,58.0,30:17.6
846,Spain,22-May-11,Sebastian Vettel,VET,Red Bull,66.0,39:03.3
847,Monaco,29-May-11,Sebastian Vettel,VET,Red Bull,78.0,09:38.4
848,Canada,12-Jun-11,Jenson Button,BUT,McLaren,70.0,04:39.5
849,Europe,26-Jun-11,Sebastian Vettel,VET,Red Bull,57.0,39:36.2
850,Great Britain,10-Jul-11,Fernando Alonso,ALO,Ferrari,52.0,28:41.2
851,Germany,24-Jul-11,Lewis Hamilton,HAM,McLaren,60.0,37:30.3
852,Hungary,31-Jul-11,Jenson Button,BUT,McLaren,70.0,46:42.3
853,Belgium,28-Aug-11,Sebastian Vettel,VET,Red Bull,44.0,26:44.9
854,Italy,11-Sep-11,Sebastian Vettel,VET,Red Bull,53.0,20:46.2
855,Singapore,25-Sep-11,Sebastian Vettel,VET,Red Bull,61.0,59:06.8
856,Japan,9-Oct-11,Jenson Button,BUT,McLaren,53.0,30:53.4
857,South Korea,16-Oct-11,Sebastian Vettel,VET,Red Bull,55.0,38:02.0
858,India,30-Oct-11,Sebastian Vettel,VET,Red Bull,60.0,30:35.0
859,Abu Dhabi,13-Nov-11,Lewis Hamilton,HAM,McLaren,55.0,37:11.9
860,Brazil,27-Nov-11,Mark Webber,WEB,Red Bull,71.0,32:17.5
861,Australia,18-Mar-12,Jenson Button,BUT,McLaren,58.0,34:09.6
862,Malaysia,25-Mar-12,Fernando Alonso,ALO,Ferrari,56.0,44:51.8
863,China,15-Apr-12,Nico Rosberg,ROS,Mercedes,56.0,36:26.9
864,Bahrain,22-Apr-12,Sebastian Vettel,VET,Red Bull,57.0,35:11.0
865,Spain,13-May-12,Pastor Maldonado,MAL,Williams,66.0,39:09.1
866,Monaco,27-May-12,Mark Webber,WEB,Red Bull,78.0,46:06.6
867,Canada,10-Jun-12,Lewis Hamilton,HAM,McLaren,70.0,32:29.6
868,Europe,24-Jun-12,Fernando Alonso,ALO,Ferrari,57.0,44:16.6
869,Great Britain,8-Jul-12,Mark Webber,WEB,Red Bull,52.0,25:11.3
870,Germany,22-Jul-12,Fernando Alonso,ALO,Ferrari,67.0,31:05.9
871,Hungary,29-Jul-12,Lewis Hamilton,HAM,McLaren,69.0,41:05.5
872,Belgium,2-Sep-12,Jenson Button,BUT,McLaren,44.0,29:08.5
873,Italy,9-Sep-12,Lewis Hamilton,HAM,McLaren,53.0,19:41.2
874,Singapore,23-Sep-12,Sebastian Vettel,VET,Red Bull,59.0,00:26.1
875,Japan,7-Oct-12,Sebastian Vettel,VET,Red Bull,53.0,28:56.2
876,South Korea,14-Oct-12,Sebastian Vettel,VET,Red Bull,55.0,36:28.7
877,India,28-Oct-12,Sebastian Vettel,VET,Red Bull,60.0,31:10.7
879,United States,18-Nov-12,Lewis Hamilton,HAM,McLaren,56.0,35:55.3
880,Brazil,25-Nov-12,Jenson Button,BUT,McLaren,71.0,45:22.7
882,Malaysia,24-Mar-13,Sebastian Vettel,VET,Red Bull,56.0,38:56.7
883,China,14-Apr-13,Fernando Alonso,ALO,Ferrari,56.0,36:26.9
884,Bahrain,21-Apr-13,Sebastian Vettel,VET,Red Bull,57.0,36:00.5
885,Spain,12-May-13,Fernando Alonso,ALO,Ferrari,66.0,39:16.6
886,Monaco,26-May-13,Nico Rosberg,ROS,Mercedes,78.0,17:52.1
887,Canada,9-Jun-13,Sebastian Vettel,VET,Red Bull,70.0,32:09.1
888,Great Britain,30-Jun-13,Nico Rosberg,ROS,Mercedes,52.0,32:59.5
889,Germany,7-Jul-13,Sebastian Vettel,VET,Red Bull,60.0,41:14.7
890,Hungary,28-Jul-13,Lewis Hamilton,HAM,Mercedes,70.0,42:29.4
891,Belgium,25-Aug-13,Sebastian Vettel,VET,Red Bull,44.0,23:42.2
892,Italy,8-Sep-13,Sebastian Vettel,VET,Red Bull,53.0,18:33.4
893,Singapore,22-Sep-13,Sebastian Vettel,VET,Red Bull,61.0,59:13.1
894,South Korea,6-Oct-13,Sebastian Vettel,VET,Red Bull,55.0,43:13.7
895,Japan,13-Oct-13,Sebastian Vettel,VET,Red Bull,53.0,26:49.3
896,India,27-Oct-13,Sebastian Vettel,VET,Red Bull,60.0,31:12.2
897,Abu Dhabi,3-Nov-13,Sebastian Vettel,VET,Red Bull,55.0,38:06.1
898,United States,17-Nov-13,Sebastian Vettel,VET,Red Bull,56.0,39:17.1
899,Brazil,24-Nov-13,Sebastian Vettel,VET,Red Bull,71.0,32:36.3
900,Australia,16-Mar-14,Nico Rosberg,ROS,Mercedes,57.0,32:58.7
901,Malaysia,30-Mar-14,Lewis Hamilton,HAM,Mercedes,56.0,40:26.0
902,Bahrain,6-Apr-14,Lewis Hamilton,HAM,Mercedes,57.0,39:42.7
903,China,20-Apr-14,Lewis Hamilton,HAM,Mercedes,54.0,33:28.3
904,Spain,11-May-14,Lewis Hamilton,HAM,Mercedes,66.0,41:05.2
905,Monaco,25-May-14,Nico Rosberg,ROS,Mercedes,78.0,49:27.7
906,Canada,8-Jun-14,Daniel Ricciardo,RIC,Red Bull,70.0,39:12.8
907,Austria,22-Jun-14,Nico Rosberg,ROS,Mercedes,71.0,27:55.0
908,Great Britain,6-Jul-14,Lewis Hamilton,HAM,Mercedes,52.0,26:52.1
909,Germany,20-Jul-14,Nico Rosberg,ROS,Mercedes,67.0,33:42.9
910,Hungary,27-Jul-14,Daniel Ricciardo,RIC,Red Bull,70.0,53:05.1
911,Belgium,24-Aug-14,Daniel Ricciardo,RIC,Red Bull,44.0,24:36.6
912,Italy,7-Sep-14,Lewis Hamilton,HAM,Mercedes,53.0,19:10.2
913,Singapore,21-Sep-14,Lewis Hamilton,HAM,Mercedes,60.0,00:04.8
914,Japan,5-Oct-14,Lewis Hamilton,HAM,Mercedes,44.0,51:43.0
915,Russia,21-Oct-14,Lewis Hamilton,HAM,Mercedes,53.0,31:50.7
916,United States,2-Nov-14,Lewis Hamilton,HAM,Mercedes,56.0,40:04.8
917,Brazil,9-Nov-14,Nico Rosberg,ROS,Mercedes,71.0,30:02.6
918,Abu Dhabi,23-Nov-14,Lewis Hamilton,HAM,Mercedes,55.0,39:02.6
919,Australia,15-Mar-15,Lewis Hamilton,HAM,Mercedes,58.0,31:54.1
920,Malaysia,29-Mar-15,Sebastian Vettel,VET,Ferrari,56.0,41:05.8
921,China,12-Apr-15,Lewis Hamilton,HAM,Mercedes,56.0,39:42.0
922,Bahrain,19-Apr-15,Lewis Hamilton,HAM,Mercedes,57.0,35:05.8
923,Spain,10-May-15,Nico Rosberg,ROS,Mercedes,66.0,41:12.6
924,Monaco,24-May-15,Nico Rosberg,ROS,Mercedes,78.0,49:18.4
925,Canada,7-Jun-15,Lewis Hamilton,HAM,Mercedes,70.0,31:53.1
926,Austria,21-Jun-15,Nico Rosberg,ROS,Mercedes,71.0,30:16.9
927,Great Britain,5-Jul-15,Lewis Hamilton,HAM,Mercedes,52.0,31:27.7
928,Hungary,26-Jul-15,Sebastian Vettel,VET,Ferrari,69.0,46:10.0
929,Belgium,23-Aug-15,Lewis Hamilton,HAM,Mercedes,43.0,23:40.4
930,Italy,6-Sep-15,Lewis Hamilton,HAM,Mercedes,53.0,18:00.7
931,Singapore,20-Sep-15,Sebastian Vettel,VET,Ferrari,61.0,01:22.1
932,Japan,27-Sep-15,Lewis Hamilton,HAM,Mercedes,53.0,28:06.5
933,Russia,11-Oct-15,Lewis Hamilton,HAM,Mercedes,53.0,37:11.0
934,United States,25-Oct-15,Lewis Hamilton,HAM,Mercedes,56.0,50:52.7
935,Mexico,1-Nov-15,Nico Rosberg,ROS,Mercedes,71.0,42:35.0
936,Brazil,15-Nov-15,Nico Rosberg,ROS,Mercedes,71.0,31:09.1
937,Abu Dhabi,29-Nov-15,Nico Rosberg,ROS,Mercedes,55.0,38:30.2
938,Australia,20-Mar-16,Nico Rosberg,ROS,Mercedes,57.0,48:15.6
939,Bahrain,3-Apr-16,Nico Rosberg,ROS,Mercedes,57.0,33:34.7
940,China,17-Apr-16,Nico Rosberg,ROS,Mercedes,56.0,38:53.9
941,Russia,1-May-16,Nico Rosberg,ROS,Mercedes,53.0,32:42.0
942,Spain,15-May-16,Max Verstappen,VES,Red Bull,66.0,41:40.0
943,Monaco,29-May-16,Lewis Hamilton,HAM,Mercedes,78.0,59:29.1
944,Canada,12-Jun-16,Lewis Hamilton,HAM,Mercedes,70.0,31:05.3
945,Europe,19-Jun-16,Nico Rosberg,ROS,Mercedes,51.0,32:52.4
946,Austria,3-Jul-16,Lewis Hamilton,HAM,Mercedes,71.0,27:38.1
947,Great Britain,10-Jul-16,Lewis Hamilton,HAM,Mercedes,52.0,34:55.8
948,Hungary,24-Jul-16,Lewis Hamilton,HAM,Mercedes,70.0,40:30.1
949,Germany,31-Jul-16,Lewis Hamilton,HAM,Mercedes,67.0,30:44.2
950,Belgium,28-Aug-16,Nico Rosberg,ROS,Mercedes,44.0,44:51.1
951,Italy,4-Sep-16,Nico Rosberg,ROS,Mercedes,53.0,17:28.1
952,Singapore,18-Sep-16,Nico Rosberg,ROS,Mercedes,61.0,55:49.0
953,Malaysia,2-Oct-16,Daniel Ricciardo,RIC,Red Bull,56.0,37:12.8
954,Japan,9-Oct-16,Nico Rosberg,ROS,Mercedes,53.0,26:43.3
955,United States,23-Oct-16,Lewis Hamilton,HAM,Mercedes,56.0,38:12.6
956,Mexico,30-Oct-16,Lewis Hamilton,HAM,Mercedes,71.0,40:31.4
957,Brazil,13-Nov-16,Lewis Hamilton,HAM,Mercedes,71.0,01:01.3
958,Abu Dhabi,27-Nov-16,Lewis Hamilton,HAM,Mercedes,55.0,38:04.0
959,Australia,26-Mar-17,Sebastian Vettel,VET,Ferrari,57.0,24:11.7
960,China,9-Apr-17,Lewis Hamilton,HAM,Mercedes,56.0,37:36.2
961,Bahrain,16-Apr-17,Sebastian Vettel,VET,Ferrari,57.0,33:53.4
962,Russia,30-Apr-17,Valtteri Bottas,BOT,Mercedes,52.0,28:08.7
963,Spain,14-May-17,Lewis Hamilton,HAM,Mercedes,66.0,35:56.5
964,Monaco,28-May-17,Sebastian Vettel,VET,Ferrari,78.0,44:44.3
965,Canada,11-Jun-17,Lewis Hamilton,HAM,Mercedes,70.0,33:05.2
966,Azerbaijan,25-Jun-17,Daniel Ricciardo,RIC,Red Bull,51.0,03:55.6
967,Austria,9-Jul-17,Valtteri Bottas,BOT,Mercedes,71.0,21:48.5
968,Great Britain,16-Jul-17,Lewis Hamilton,HAM,Mercedes,51.0,21:27.4
969,Hungary,30-Jul-17,Sebastian Vettel,VET,Ferrari,70.0,39:46.7
970,Belgium,27-Aug-17,Lewis Hamilton,HAM,Mercedes,44.0,24:42.8
971,Italy,3-Sep-17,Lewis Hamilton,HAM,Mercedes,53.0,15:32.3
972,Singapore,17-Sep-17,Lewis Hamilton,HAM,Mercedes,58.0,03:23.5
973,Malaysia,1-Oct-17,Max Verstappen,VER,Red Bull,56.0,30:01.3
974,Japan,8-Oct-17,Lewis Hamilton,HAM,Mercedes,53.0,27:31.2
975,United States,22-Oct-17,Lewis Hamilton,HAM,Mercedes,56.0,33:51.0
976,Mexico,29-Oct-17,Max Verstappen,VER,Red Bull,71.0,36:26.6
977,Brazil,12-Nov-17,Sebastian Vettel,VET,Ferrari,71.0,31:26.3
978,Abu Dhabi,26-Nov-17,Valtteri Bottas,BOT,Mercedes,55.0,34:14.1
979,Australia,25-Mar-18,Sebastian Vettel,VET,Ferrari,58.0,29:33.3
980,Bahrain,8-Apr-18,Sebastian Vettel,VET,Ferrari,57.0,32:01.9
981,China,15-Apr-18,Daniel Ricciardo,RIC,Red Bull,56.0,35:36.4
982,Azerbaijan,29-Apr-18,Lewis Hamilton,HAM,Mercedes,51.0,43:44.3
983,Spain,13-May-18,Lewis Hamilton,HAM,Mercedes,66.0,35:30.0
984,Monaco,27-May-18,Daniel Ricciardo,RIC,Red Bull,78.0,42:54.8
985,Canada,10-Jun-18,Sebastian Vettel,VET,Ferrari,68.0,28:31.4
986,France,24-Jun-18,Lewis Hamilton,HAM,Mercedes,53.0,30:11.4
987,Austria,1-Jul-18,Max Verstappen,VER,Red Bull,71.0,21:56.0
988,Great Britain,8-Jul-18,Sebastian Vettel,VET,Ferrari,52.0,27:29.8
989,Germany,22-Jul-18,Lewis Hamilton,HAM,Mercedes,67.0,32:29.8
990,Hungary,29-Jul-18,Lewis Hamilton,HAM,Mercedes,70.0,37:16.4
991,Belgium,26-Aug-18,Sebastian Vettel,VET,Ferrari,44.0,23:34.5
992,Italy,2-Sep-18,Lewis Hamilton,HAM,Mercedes,53.0,16:54.5
993,Singapore,16-Sep-18,Lewis Hamilton,HAM,Mercedes,61.0,51:11.6
994,Russia,30-Sep-18,Lewis Hamilton,HAM,Mercedes,53.0,27:25.2
995,Japan,7-Oct-18,Lewis Hamilton,HAM,Mercedes,53.0,27:17.1
996,United States,21-Oct-18,Kimi RÃ¤ikkÃ¶nen,RAI,Ferrari,56.0,34:18.6
997,Mexico,28-Oct-18,Max Verstappen,VER,Red Bull,71.0,38:28.9
998,Brazil,11-Nov-18,Lewis Hamilton,HAM,Mercedes,71.0,27:09.1
999,Abu Dhabi,25-Nov-18,Lewis Hamilton,HAM,Mercedes,55.0,39:40.4
1000,Australia,17-Mar-19,Valtteri Bottas,BOT,Mercedes,58.0,25:27.3
1001,Bahrain,31-Mar-19,Lewis Hamilton,HAM,Mercedes,57.0,34:21.3
1002,China,14-Apr-19,Lewis Hamilton,HAM,Mercedes,56.0,32:06.4
1003,Azerbaijan,28-Apr-19,Valtteri Bottas,BOT,Mercedes,51.0,31:52.9
1004,Spain,12-May-19,Lewis Hamilton,HAM,Mercedes,66.0,35:50.4
1005,Monaco,26-May-19,Lewis Hamilton,HAM,Mercedes,78.0,43:28.4
1006,Canada,9-Jun-19,Lewis Hamilton,HAM,Mercedes,70.0,29:07.1
1007,France,23-Jun-19,Lewis Hamilton,HAM,Mercedes,53.0,24:31.2
1008,Austria,30-Jun-19,Max Verstappen,VER,Red Bull,71.0,22:01.8
1009,Great Britain,14-Jul-19,Lewis Hamilton,HAM,Mercedes,52.0,21:08.5
1010,Germany,28-Jul-19,Max Verstappen,VER,Red Bull,64.0,44:31.3
1011,Hungary,4-Aug-19,Lewis Hamilton,HAM,Mercedes,70.0,35:03.8
1012,Belgium,1-Sep-19,Charles Leclerc,LEC,Ferrari,44.0,23:45.7
1013,Italy,8-Sep-19,Charles Leclerc,LEC,Ferrari,53.0,15:26.7
1014,Singapore,22-Sep-19,Sebastian Vettel,VET,Ferrari,61.0,58:33.7
1015,Russia,29-Sep-19,Lewis Hamilton,HAM,Mercedes,53.0,33:39.0
1016,Japan,13-Oct-19,Valtteri Bottas,BOT,Mercedes,52.0,21:46.8
1017,Mexico,27-Oct-19,Lewis Hamilton,HAM,Mercedes,71.0,36:48.9
1018,United States,3-Nov-19,Valtteri Bottas,BOT,Mercedes,56.0,33:55.7
1019,Brazil,17-Nov-19,Max Verstappen,VER,Red Bull,71.0,33:14.7
1020,Abu Dhabi,1-Dec-19,Lewis Hamilton,HAM,Mercedes,55.0,34:05.7
1021,Austria,5-Jul-20,Valtteri Bottas,BOT,Mercedes,71.0,30:55.7
1022,Styria,12-Jul-20,Lewis Hamilton,HAM,Mercedes,71.0,22:50.7
1023,Hungary,19-Jul-20,Lewis Hamilton,HAM,Mercedes,70.0,36:12.5
1024,Great Britain,2-Aug-20,Lewis Hamilton,HAM,Mercedes,52.0,28:01.3
1025,70th Anniversary,9-Aug-20,Max Verstappen,VER,Red Bull,52.0,19:42.0
1026,Spain,16-Aug-20,Lewis Hamilton,HAM,Mercedes,66.0,31:45.3
1027,Belgium,30-Aug-20,Lewis Hamilton,HAM,Mercedes,44.0,24:08.8
1029,Tuscany,13-Sep-20,Lewis Hamilton,HAM,Mercedes,59.0,19:35.1
1030,Russia,27-Sep-20,Valtteri Bottas,BOT,Mercedes,53.0,34:00.4
1031,Eifel,11-Oct-20,Lewis Hamilton,HAM,Mercedes,60.0,35:49.6
1032,Portugal,25-Oct-20,Lewis Hamilton,HAM,Mercedes,66.0,29:56.8
1033,Emilia Romagna,1-Nov-20,Lewis Hamilton,HAM,Mercedes,63.0,28:32.4
1034,Turkey,15-Nov-20,Lewis Hamilton,HAM,Mercedes,58.0,42:19.3
1035,Bahrain,29-Nov-20,Lewis Hamilton,HAM,Mercedes,57.0,59:47.5
1036,Sakhir,6-Dec-20,Sergio Perez,PER,Racing Point,87.0,31:15.1
1037,Abu Dhabi,13-Dec-20,Max Verstappen,VER,Red Bull,55.0,36:28.6
